label_year,polygon_count,clipped_area_ha
2022,1583,282.2473405831884
2023,1431,285.504033687336
