label_year,polygon_count,labelled_area_ha
2022,2413,384.50263221257836
2023,11945,1588.0473111076733
